{"cameraMode":{"drawMode":0,"name":"Shaded","section":"Shading Mode"},"sceneLighting":false,"audioPlay":false,"sceneViewState":{"m_AlwaysRefresh":false,"showFog":true,"showSkybox":true,"showFlares":true,"showImageEffects":true,"showParticleSystems":true,"showVisualEffectGraphs":true,"m_FxEnabled":true},"in2DMode":false,"pivot":{"x":2.9731132984161379,"y":-20.248661041259767,"z":-21.400327682495118},"rotation":{"x":-0.0001290308136958629,"y":0.9093987345695496,"z":-0.41597980260849,"w":-0.00026984262512996793},"size":22.530582427978517,"orthographic":false}