{"cameraMode":{"drawMode":0,"name":"Shaded","section":"Shading Mode"},"sceneLighting":false,"audioPlay":false,"sceneViewState":{"m_AlwaysRefresh":false,"showFog":true,"showSkybox":true,"showFlares":true,"showImageEffects":true,"showParticleSystems":true,"showVisualEffectGraphs":true,"m_FxEnabled":true},"in2DMode":false,"pivot":{"x":5.818098068237305,"y":-20.395191192626954,"z":-21.098506927490236},"rotation":{"x":0.019433267414569856,"y":0.9074161648750305,"z":-0.4177094101905823,"w":0.042228300124406818},"size":23.401714324951173,"orthographic":false}